<Ui xmlns="http://www.blizzard.com/wow/ui" xmlns:xsi="http://www.w3.org/2001/XMLSchema-instance">
  <!--Autogenerated by wowuides, Version=1.0.300.0, Culture=neutral, PublicKeyToken=null-->
  <Frame name="ModifyForm" hidden="true" parent="UIParent" movable="true" enableMouse="true" clampedToScreen="true">
    <!--<FrameSkin skinid="dcb143e1-a4ab-4e7c-b934-1efa40101d21" frameid="2d508883-59c2-4f83-ae10-27aaad48391b" />-->
    <Size>
      <AbsDimension x="186" y="259" />
    </Size>
    <Anchors>
      <Anchor point="RIGHT" relativeTo="UIParent">
        <Offset>
          <AbsDimension x="0" y="0" />
        </Offset>
      </Anchor>
    </Anchors>
    <Backdrop bgFile="Interface\DialogFrame\UI-DialogBox-Background" edgeFile="Interface\DialogFrame\UI-DialogBox-Border" tile="true">
      <BackgroundInsets>
        <AbsInset left="11" right="12" top="12" bottom="11" />
      </BackgroundInsets>
      <TileSize>
        <AbsValue val="32" />
      </TileSize>
      <EdgeSize>
        <AbsValue val="32" />
      </EdgeSize>
    </Backdrop>
    <Layers>
      <Layer>
        <Texture name="$parentTitleBorder" file="Interface\DialogFrame\UI-DialogBox-Header">
          <Size>
            <AbsDimension x="160" y="32" />
          </Size>
          <Anchors>
            <Anchor point="TOP">
              <Offset>
                <AbsDimension x="0" y="5" />
              </Offset>
            </Anchor>
          </Anchors>
          <TexCoords left="0.2" right="0.8" top="0" bottom="0.6" />
        </Texture>
        <FontString name="$parentTitleString" font="Fonts\FRIZQT__.TTF" text="Modify">
          <Size>
            <AbsDimension x="140" y="0" />
          </Size>
          <Anchors>
            <Anchor point="TOP">
              <Offset>
                <AbsDimension x="0" y="-4" />
              </Offset>
            </Anchor>
          </Anchors>
          <FontHeight>
            <AbsValue val="12" />
          </FontHeight>
          <Color r="1" g="0.8196079" b="0" />
          <Shadow>
            <Color r="0" g="0" b="0" />
            <Offset>
              <AbsDimension x="1" y="-1" />
            </Offset>
          </Shadow>
        </FontString>
      </Layer>
    </Layers>
    <Frames>
      <Button name="$parentButton3" text="Energy">
        <!--<FrameSkin skinid="dcb143e1-a4ab-4e7c-b934-1efa40101d21" frameid="2d508884-59c2-4f83-ae10-27aaad48391b" />-->
        <Size>
          <AbsDimension x="75" y="17" />
        </Size>
        <Anchors>
          <Anchor point="TOPLEFT">
            <Offset>
              <AbsDimension x="95" y="-109" />
            </Offset>
          </Anchor>
        </Anchors>
        <Scripts>
          <OnClick>if ModifyEditBox:GetNumLetters() &lt; 1 then
ShowMessage( "Please complete the required fields!", "FF0000", 1 );
else
ModEnergy();
ModifyEditBox:ClearFocus();
end
</OnClick>
        </Scripts>
        <NormalTexture file="Interface\Buttons\UI-Panel-Button-Up">
          <TexCoords left="0" right="0.625" top="0" bottom="0.6875" />
        </NormalTexture>
        <PushedTexture file="Interface\Buttons\UI-Panel-Button-Down">
          <TexCoords left="0" right="0.625" top="0" bottom="0.6875" />
        </PushedTexture>
        <DisabledTexture file="Interface\Buttons\UI-Panel-Button-Disabled">
          <TexCoords left="0" right="0.625" top="0" bottom="0.6875" />
        </DisabledTexture>
        <HighlightTexture file="Interface\Buttons\UI-Panel-Button-Highlight" alphaMode="ADD">
          <TexCoords left="0" right="0.625" top="0" bottom="0.6875" />
        </HighlightTexture>
        <ButtonText name="$parentText">
          <Anchors>
            <Anchor point="CENTER">
              <Offset>
                <AbsDimension x="0" y="1" />
              </Offset>
            </Anchor>
          </Anchors>
          <FontHeight>
            <AbsValue val="10" />
          </FontHeight>
        </ButtonText>
        <NormalFont style="GameFontNormal" />
        <HighlightFont style="GameFontHighlight" />
        <DisabledFont style="GameFontDisable" />
      </Button>
      <Button name="$parentButton2" text="Rage">
        <!--<FrameSkin skinid="dcb143e1-a4ab-4e7c-b934-1efa40101d21" frameid="2d508884-59c2-4f83-ae10-27aaad48391b" />-->
        <Size>
          <AbsDimension x="75" y="17" />
        </Size>
        <Anchors>
          <Anchor point="TOPLEFT">
            <Offset>
              <AbsDimension x="95" y="-86" />
            </Offset>
          </Anchor>
        </Anchors>
        <Scripts>
          <OnClick>if ModifyEditBox:GetNumLetters() &lt; 1 then
ShowMessage( "Please complete the required fields!", "FF0000", 1 );
else
ModRage();
ModifyEditBox:ClearFocus();
end
</OnClick>
        </Scripts>
        <NormalTexture file="Interface\Buttons\UI-Panel-Button-Up">
          <TexCoords left="0" right="0.625" top="0" bottom="0.6875" />
        </NormalTexture>
        <PushedTexture file="Interface\Buttons\UI-Panel-Button-Down">
          <TexCoords left="0" right="0.625" top="0" bottom="0.6875" />
        </PushedTexture>
        <DisabledTexture file="Interface\Buttons\UI-Panel-Button-Disabled">
          <TexCoords left="0" right="0.625" top="0" bottom="0.6875" />
        </DisabledTexture>
        <HighlightTexture file="Interface\Buttons\UI-Panel-Button-Highlight" alphaMode="ADD">
          <TexCoords left="0" right="0.625" top="0" bottom="0.6875" />
        </HighlightTexture>
        <ButtonText name="$parentText">
          <Anchors>
            <Anchor point="CENTER">
              <Offset>
                <AbsDimension x="0" y="1" />
              </Offset>
            </Anchor>
          </Anchors>
          <FontHeight>
            <AbsValue val="10" />
          </FontHeight>
        </ButtonText>
        <NormalFont style="GameFontNormal" />
        <HighlightFont style="GameFontHighlight" />
        <DisabledFont style="GameFontDisable" />
      </Button>
      <Button name="$parentButton1" text="HP">
        <!--<FrameSkin skinid="dcb143e1-a4ab-4e7c-b934-1efa40101d21" frameid="2d508884-59c2-4f83-ae10-27aaad48391b" />-->
        <Size>
          <AbsDimension x="75" y="17" />
        </Size>
        <Anchors>
          <Anchor point="TOPLEFT">
            <Offset>
              <AbsDimension x="95" y="-63" />
            </Offset>
          </Anchor>
        </Anchors>
        <Scripts>
          <OnClick>if ModifyEditBox:GetNumLetters() &lt; 1 then
ShowMessage( "Please complete the required fields!", "FF0000", 1 );
else
ModHP()
; ModifyEditBox:ClearFocus()
end
</OnClick>
        </Scripts>
        <NormalTexture file="Interface\Buttons\UI-Panel-Button-Up">
          <TexCoords left="0" right="0.625" top="0" bottom="0.6875" />
        </NormalTexture>
        <PushedTexture file="Interface\Buttons\UI-Panel-Button-Down">
          <TexCoords left="0" right="0.625" top="0" bottom="0.6875" />
        </PushedTexture>
        <DisabledTexture file="Interface\Buttons\UI-Panel-Button-Disabled">
          <TexCoords left="0" right="0.625" top="0" bottom="0.6875" />
        </DisabledTexture>
        <HighlightTexture file="Interface\Buttons\UI-Panel-Button-Highlight" alphaMode="ADD">
          <TexCoords left="0" right="0.625" top="0" bottom="0.6875" />
        </HighlightTexture>
        <ButtonText name="$parentText">
          <Anchors>
            <Anchor point="CENTER">
              <Offset>
                <AbsDimension x="0" y="1" />
              </Offset>
            </Anchor>
          </Anchors>
          <FontHeight>
            <AbsValue val="10" />
          </FontHeight>
        </ButtonText>
        <NormalFont style="GameFontNormal" />
        <HighlightFont style="GameFontHighlight" />
        <DisabledFont style="GameFontDisable" />
      </Button>
      <EditBox name="ModifyEditBox" enableMouse="true">
        <!--<FrameSkin skinid="dcb143e1-a4ab-4e7c-b934-1efa40101d21" frameid="2d508887-59c2-4f83-ae10-27aaad48391b" />-->
        <Size>
          <AbsDimension x="153" y="22" />
        </Size>
        <Anchors>
          <Anchor point="TOPLEFT">
            <Offset>
              <AbsDimension x="17" y="-35" />
            </Offset>
          </Anchor>
        </Anchors>
        <Layers>
          <Layer level="BACKGROUND">
            <Texture name="$parentLeft" file="Interface\Common\Common-Input-Border">
              <Size>
                <AbsDimension x="8" y="20" />
              </Size>
              <Anchors>
                <Anchor point="LEFT" />
              </Anchors>
              <TexCoords left="0" right="0.0625" top="0" bottom="0.625" />
            </Texture>
            <Texture name="$parentRight" file="Interface\Common\Common-Input-Border">
              <Size>
                <AbsDimension x="8" y="20" />
              </Size>
              <Anchors>
                <Anchor point="RIGHT" />
              </Anchors>
              <TexCoords left="0.9375" right="1" top="0" bottom="0.625" />
            </Texture>
            <Texture name="$parentMiddle" file="Interface\Common\Common-Input-Border">
              <Size>
                <AbsDimension x="10" y="20" />
              </Size>
              <Anchors>
                <Anchor point="LEFT" relativeTo="$parentLeft" relativePoint="RIGHT" />
                <Anchor point="RIGHT" relativeTo="$parentRight" relativePoint="LEFT" />
              </Anchors>
              <TexCoords left="0.0625" right="0.9375" top="0" bottom="0.625" />
            </Texture>
          </Layer>
        </Layers>
        <Scripts>
          <OnLoad>self:SetAutoFocus(false);
</OnLoad>
          <OnHide>self:SetText("");</OnHide>
          <OnEscapePressed>self:ClearFocus(self);
</OnEscapePressed>
          <OnTabPressed>self:ClearFocus(self);
</OnTabPressed>
        </Scripts>
        <FontString font="Fonts\ARIALN.TTF">
          <FontHeight>
            <AbsValue val="14" />
          </FontHeight>
          <Color r="1" g="1" b="1" />
          <Shadow>
            <Color r="0" g="0" b="0" />
            <Offset>
              <AbsDimension x="1" y="-1" />
            </Offset>
          </Shadow>
        </FontString>
      </EditBox>
      <Button name="$parentComponent1" text="Mana">
        <!--<FrameSkin skinid="dcb143e1-a4ab-4e7c-b934-1efa40101d21" frameid="2d508884-59c2-4f83-ae10-27aaad48391b" />-->
        <Size>
          <AbsDimension x="75" y="17" />
        </Size>
        <Anchors>
          <Anchor point="TOPLEFT">
            <Offset>
              <AbsDimension x="17" y="-109" />
            </Offset>
          </Anchor>
        </Anchors>
        <Scripts>
          <OnClick>if ModifyEditBox:GetNumLetters() &lt; 1 then
ShowMessage( "Please complete the required fields!", "FF0000", 1 );
else
ModMana();
ModifyEditBox:ClearFocus();
end
</OnClick>
        </Scripts>
        <NormalTexture file="Interface\Buttons\UI-Panel-Button-Up">
          <TexCoords left="0" right="0.625" top="0" bottom="0.6875" />
        </NormalTexture>
        <PushedTexture file="Interface\Buttons\UI-Panel-Button-Down">
          <TexCoords left="0" right="0.625" top="0" bottom="0.6875" />
        </PushedTexture>
        <DisabledTexture file="Interface\Buttons\UI-Panel-Button-Disabled">
          <TexCoords left="0" right="0.625" top="0" bottom="0.6875" />
        </DisabledTexture>
        <HighlightTexture file="Interface\Buttons\UI-Panel-Button-Highlight" alphaMode="ADD">
          <TexCoords left="0" right="0.625" top="0" bottom="0.6875" />
        </HighlightTexture>
        <ButtonText name="$parentText">
          <Anchors>
            <Anchor point="CENTER">
              <Offset>
                <AbsDimension x="0" y="1" />
              </Offset>
            </Anchor>
          </Anchors>
          <FontHeight>
            <AbsValue val="10" />
          </FontHeight>
        </ButtonText>
        <NormalFont style="GameFontNormal" />
        <HighlightFont style="GameFontHighlight" />
        <DisabledFont style="GameFontDisable" />
      </Button>
      <Button name="$parentComponent2" text="Done">
        <!--<FrameSkin skinid="dcb143e1-a4ab-4e7c-b934-1efa40101d21" frameid="2d508884-59c2-4f83-ae10-27aaad48391b" />-->
        <Size>
          <AbsDimension x="75" y="17" />
        </Size>
        <Anchors>
          <Anchor point="TOPLEFT">
            <Offset>
              <AbsDimension x="95" y="-224" />
            </Offset>
          </Anchor>
        </Anchors>
        <Scripts>
          <OnClick>ModifyForm:Hide(); OpenMain();
</OnClick>
        </Scripts>
        <NormalTexture file="Interface\Buttons\UI-Panel-Button-Up">
          <TexCoords left="0" right="0.625" top="0" bottom="0.6875" />
        </NormalTexture>
        <PushedTexture file="Interface\Buttons\UI-Panel-Button-Down">
          <TexCoords left="0" right="0.625" top="0" bottom="0.6875" />
        </PushedTexture>
        <DisabledTexture file="Interface\Buttons\UI-Panel-Button-Disabled">
          <TexCoords left="0" right="0.625" top="0" bottom="0.6875" />
        </DisabledTexture>
        <HighlightTexture file="Interface\Buttons\UI-Panel-Button-Highlight" alphaMode="ADD">
          <TexCoords left="0" right="0.625" top="0" bottom="0.6875" />
        </HighlightTexture>
        <ButtonText name="$parentText">
          <Anchors>
            <Anchor point="CENTER">
              <Offset>
                <AbsDimension x="0" y="1" />
              </Offset>
            </Anchor>
          </Anchors>
          <FontHeight>
            <AbsValue val="10" />
          </FontHeight>
        </ButtonText>
        <NormalFont style="GameFontNormal" />
        <HighlightFont style="GameFontHighlight" />
        <DisabledFont style="GameFontDisable" />
      </Button>
      <Button name="$parentComponent4" text="Resistance">
        <!--<FrameSkin skinid="dcb143e1-a4ab-4e7c-b934-1efa40101d21" frameid="2d508884-59c2-4f83-ae10-27aaad48391b" />-->
        <Size>
          <AbsDimension x="75" y="17" />
        </Size>
        <Anchors>
          <Anchor point="TOPLEFT">
            <Offset>
              <AbsDimension x="17" y="-155" />
            </Offset>
          </Anchor>
        </Anchors>
        <Scripts>
          <OnClick>if ModifyEditBox:GetNumLetters() &lt; 1 then
ShowMessage( "Please complete the required fields!", "FF0000", 1 );
else
ModResistance();
ModifyEditBox:ClearFocus();
end
</OnClick>
        </Scripts>
        <NormalTexture file="Interface\Buttons\UI-Panel-Button-Up">
          <TexCoords left="0" right="0.625" top="0" bottom="0.6875" />
        </NormalTexture>
        <PushedTexture file="Interface\Buttons\UI-Panel-Button-Down">
          <TexCoords left="0" right="0.625" top="0" bottom="0.6875" />
        </PushedTexture>
        <DisabledTexture file="Interface\Buttons\UI-Panel-Button-Disabled">
          <TexCoords left="0" right="0.625" top="0" bottom="0.6875" />
        </DisabledTexture>
        <HighlightTexture file="Interface\Buttons\UI-Panel-Button-Highlight" alphaMode="ADD">
          <TexCoords left="0" right="0.625" top="0" bottom="0.6875" />
        </HighlightTexture>
        <ButtonText name="$parentText">
          <Anchors>
            <Anchor point="CENTER">
              <Offset>
                <AbsDimension x="0" y="1" />
              </Offset>
            </Anchor>
          </Anchors>
          <FontHeight>
            <AbsValue val="10" />
          </FontHeight>
        </ButtonText>
        <NormalFont style="GameFontNormal" />
        <HighlightFont style="GameFontHighlight" />
        <DisabledFont style="GameFontDisable" />
      </Button>
      <Button name="$parentComponent5" text="Damage">
        <!--<FrameSkin skinid="dcb143e1-a4ab-4e7c-b934-1efa40101d21" frameid="2d508884-59c2-4f83-ae10-27aaad48391b" />-->
        <Size>
          <AbsDimension x="75" y="17" />
        </Size>
        <Anchors>
          <Anchor point="TOPLEFT">
            <Offset>
              <AbsDimension x="17" y="-132" />
            </Offset>
          </Anchor>
        </Anchors>
        <Scripts>
          <OnClick>if ModifyEditBox:GetNumLetters() &lt; 1 then
ShowMessage( "Please complete the required fields!", "FF0000", 1 );
else
ModDamage()
; ModifyEditBox:ClearFocus()
end
</OnClick>
        </Scripts>
        <NormalTexture file="Interface\Buttons\UI-Panel-Button-Up">
          <TexCoords left="0" right="0.625" top="0" bottom="0.6875" />
        </NormalTexture>
        <PushedTexture file="Interface\Buttons\UI-Panel-Button-Down">
          <TexCoords left="0" right="0.625" top="0" bottom="0.6875" />
        </PushedTexture>
        <DisabledTexture file="Interface\Buttons\UI-Panel-Button-Disabled">
          <TexCoords left="0" right="0.625" top="0" bottom="0.6875" />
        </DisabledTexture>
        <HighlightTexture file="Interface\Buttons\UI-Panel-Button-Highlight" alphaMode="ADD">
          <TexCoords left="0" right="0.625" top="0" bottom="0.6875" />
        </HighlightTexture>
        <ButtonText name="$parentText">
          <Anchors>
            <Anchor point="CENTER">
              <Offset>
                <AbsDimension x="0" y="1" />
              </Offset>
            </Anchor>
          </Anchors>
          <FontHeight>
            <AbsValue val="10" />
          </FontHeight>
        </ButtonText>
        <NormalFont style="GameFontNormal" />
        <HighlightFont style="GameFontHighlight" />
        <DisabledFont style="GameFontDisable" />
      </Button>
      <Button name="$parentComponent6" text="Display">
        <!--<FrameSkin skinid="dcb143e1-a4ab-4e7c-b934-1efa40101d21" frameid="2d508884-59c2-4f83-ae10-27aaad48391b" />-->
        <Size>
          <AbsDimension x="75" y="17" />
        </Size>
        <Anchors>
          <Anchor point="TOPLEFT">
            <Offset>
              <AbsDimension x="17" y="-201" />
            </Offset>
          </Anchor>
        </Anchors>
        <Scripts>
          <OnClick>if ModifyEditBox:GetNumLetters() &lt; 1 then
ShowMessage( "Please complete the required fields!", "FF0000", 1 );
else
ModDisplay();
ModifyEditBox:ClearFocus()
end
</OnClick>
        </Scripts>
        <NormalTexture file="Interface\Buttons\UI-Panel-Button-Up">
          <TexCoords left="0" right="0.625" top="0" bottom="0.6875" />
        </NormalTexture>
        <PushedTexture file="Interface\Buttons\UI-Panel-Button-Down">
          <TexCoords left="0" right="0.625" top="0" bottom="0.6875" />
        </PushedTexture>
        <DisabledTexture file="Interface\Buttons\UI-Panel-Button-Disabled">
          <TexCoords left="0" right="0.625" top="0" bottom="0.6875" />
        </DisabledTexture>
        <HighlightTexture file="Interface\Buttons\UI-Panel-Button-Highlight" alphaMode="ADD">
          <TexCoords left="0" right="0.625" top="0" bottom="0.6875" />
        </HighlightTexture>
        <ButtonText name="$parentText">
          <Anchors>
            <Anchor point="CENTER">
              <Offset>
                <AbsDimension x="0" y="1" />
              </Offset>
            </Anchor>
          </Anchors>
          <FontHeight>
            <AbsValue val="10" />
          </FontHeight>
        </ButtonText>
        <NormalFont style="GameFontNormal" />
        <HighlightFont style="GameFontHighlight" />
        <DisabledFont style="GameFontDisable" />
      </Button>
      <Button name="$parentComponent7" text="Armor">
        <!--<FrameSkin skinid="dcb143e1-a4ab-4e7c-b934-1efa40101d21" frameid="2d508884-59c2-4f83-ae10-27aaad48391b" />-->
        <Size>
          <AbsDimension x="75" y="17" />
        </Size>
        <Anchors>
          <Anchor point="TOPLEFT">
            <Offset>
              <AbsDimension x="17" y="-63" />
            </Offset>
          </Anchor>
        </Anchors>
        <Scripts>
          <OnClick>if ModifyEditBox:GetNumLetters() &lt; 1 then
ShowMessage( "Please complete the required fields!", "FF0000", 1 );
else
ModArmor()
; ModifyEditBox:ClearFocus()
end
</OnClick>
        </Scripts>
        <NormalTexture file="Interface\Buttons\UI-Panel-Button-Up">
          <TexCoords left="0" right="0.625" top="0" bottom="0.6875" />
        </NormalTexture>
        <PushedTexture file="Interface\Buttons\UI-Panel-Button-Down">
          <TexCoords left="0" right="0.625" top="0" bottom="0.6875" />
        </PushedTexture>
        <DisabledTexture file="Interface\Buttons\UI-Panel-Button-Disabled">
          <TexCoords left="0" right="0.625" top="0" bottom="0.6875" />
        </DisabledTexture>
        <HighlightTexture file="Interface\Buttons\UI-Panel-Button-Highlight" alphaMode="ADD">
          <TexCoords left="0" right="0.625" top="0" bottom="0.6875" />
        </HighlightTexture>
        <ButtonText name="$parentText">
          <Anchors>
            <Anchor point="CENTER">
              <Offset>
                <AbsDimension x="0" y="1" />
              </Offset>
            </Anchor>
          </Anchors>
          <FontHeight>
            <AbsValue val="10" />
          </FontHeight>
        </ButtonText>
        <NormalFont style="GameFontNormal" />
        <HighlightFont style="GameFontHighlight" />
        <DisabledFont style="GameFontDisable" />
      </Button>
      <Button name="$parentComponent8" text="Speed">
        <!--<FrameSkin skinid="dcb143e1-a4ab-4e7c-b934-1efa40101d21" frameid="2d508884-59c2-4f83-ae10-27aaad48391b" />-->
        <Size>
          <AbsDimension x="75" y="17" />
        </Size>
        <Anchors>
          <Anchor point="TOPLEFT">
            <Offset>
              <AbsDimension x="95" y="-155" />
            </Offset>
          </Anchor>
        </Anchors>
        <Scripts>
          <OnClick>if ModifyEditBox:GetNumLetters() &lt; 1 then
ShowMessage( "Please complete the required fields!", "FF0000", 1 );
else
ModSpeed(); ModifyEditBox:ClearFocus()
end
</OnClick>
        </Scripts>
        <NormalTexture file="Interface\Buttons\UI-Panel-Button-Up">
          <TexCoords left="0" right="0.625" top="0" bottom="0.6875" />
        </NormalTexture>
        <PushedTexture file="Interface\Buttons\UI-Panel-Button-Down">
          <TexCoords left="0" right="0.625" top="0" bottom="0.6875" />
        </PushedTexture>
        <DisabledTexture file="Interface\Buttons\UI-Panel-Button-Disabled">
          <TexCoords left="0" right="0.625" top="0" bottom="0.6875" />
        </DisabledTexture>
        <HighlightTexture file="Interface\Buttons\UI-Panel-Button-Highlight" alphaMode="ADD">
          <TexCoords left="0" right="0.625" top="0" bottom="0.6875" />
        </HighlightTexture>
        <ButtonText name="$parentText">
          <Anchors>
            <Anchor point="CENTER">
              <Offset>
                <AbsDimension x="0" y="1" />
              </Offset>
            </Anchor>
          </Anchors>
          <FontHeight>
            <AbsValue val="10" />
          </FontHeight>
        </ButtonText>
        <NormalFont style="GameFontNormal" />
        <HighlightFont style="GameFontHighlight" />
        <DisabledFont style="GameFontDisable" />
      </Button>
      <Button name="$parentComponent9" text="Scale">
        <!--<FrameSkin skinid="dcb143e1-a4ab-4e7c-b934-1efa40101d21" frameid="2d508884-59c2-4f83-ae10-27aaad48391b" />-->
        <Size>
          <AbsDimension x="75" y="17" />
        </Size>
        <Anchors>
          <Anchor point="TOPLEFT">
            <Offset>
              <AbsDimension x="17" y="-178" />
            </Offset>
          </Anchor>
        </Anchors>
        <Scripts>
          <OnClick>if ModifyEditBox:GetNumLetters() &lt; 1 then
ShowMessage( "Please complete the required fields!", "FF0000", 1 );
else
ModScale(); ModifyEditBox:ClearFocus()
end
</OnClick>
        </Scripts>
        <NormalTexture file="Interface\Buttons\UI-Panel-Button-Up">
          <TexCoords left="0" right="0.625" top="0" bottom="0.6875" />
        </NormalTexture>
        <PushedTexture file="Interface\Buttons\UI-Panel-Button-Down">
          <TexCoords left="0" right="0.625" top="0" bottom="0.6875" />
        </PushedTexture>
        <DisabledTexture file="Interface\Buttons\UI-Panel-Button-Disabled">
          <TexCoords left="0" right="0.625" top="0" bottom="0.6875" />
        </DisabledTexture>
        <HighlightTexture file="Interface\Buttons\UI-Panel-Button-Highlight" alphaMode="ADD">
          <TexCoords left="0" right="0.625" top="0" bottom="0.6875" />
        </HighlightTexture>
        <ButtonText name="$parentText">
          <Anchors>
            <Anchor point="CENTER">
              <Offset>
                <AbsDimension x="0" y="1" />
              </Offset>
            </Anchor>
          </Anchors>
          <FontHeight>
            <AbsValue val="10" />
          </FontHeight>
        </ButtonText>
        <NormalFont style="GameFontNormal" />
        <HighlightFont style="GameFontHighlight" />
        <DisabledFont style="GameFontDisable" />
      </Button>
      <Button name="$parentComponent10" text="Spirit">
        <!--<FrameSkin skinid="dcb143e1-a4ab-4e7c-b934-1efa40101d21" frameid="2d508884-59c2-4f83-ae10-27aaad48391b" />-->
        <Size>
          <AbsDimension x="75" y="17" />
        </Size>
        <Anchors>
          <Anchor point="TOPLEFT">
            <Offset>
              <AbsDimension x="95" y="-132" />
            </Offset>
          </Anchor>
        </Anchors>
        <Scripts>
          <OnClick>if ModifyEditBox:GetNumLetters() &lt; 1 then
ShowMessage( "Please complete the required fields!", "FF0000", 1 );
else
ModSpirit(); ModifyEditBox:ClearFocus()
end
</OnClick>
        </Scripts>
        <NormalTexture file="Interface\Buttons\UI-Panel-Button-Up">
          <TexCoords left="0" right="0.625" top="0" bottom="0.6875" />
        </NormalTexture>
        <PushedTexture file="Interface\Buttons\UI-Panel-Button-Down">
          <TexCoords left="0" right="0.625" top="0" bottom="0.6875" />
        </PushedTexture>
        <DisabledTexture file="Interface\Buttons\UI-Panel-Button-Disabled">
          <TexCoords left="0" right="0.625" top="0" bottom="0.6875" />
        </DisabledTexture>
        <HighlightTexture file="Interface\Buttons\UI-Panel-Button-Highlight" alphaMode="ADD">
          <TexCoords left="0" right="0.625" top="0" bottom="0.6875" />
        </HighlightTexture>
        <ButtonText name="$parentText">
          <Anchors>
            <Anchor point="CENTER">
              <Offset>
                <AbsDimension x="0" y="1" />
              </Offset>
            </Anchor>
          </Anchors>
          <FontHeight>
            <AbsValue val="10" />
          </FontHeight>
        </ButtonText>
        <NormalFont style="GameFontNormal" />
        <HighlightFont style="GameFontHighlight" />
        <DisabledFont style="GameFontDisable" />
      </Button>
      <Button name="$parentComponent11" text="Talents">
        <!--<FrameSkin skinid="dcb143e1-a4ab-4e7c-b934-1efa40101d21" frameid="2d508884-59c2-4f83-ae10-27aaad48391b" />-->
        <Size>
          <AbsDimension x="75" y="17" />
        </Size>
        <Anchors>
          <Anchor point="TOPLEFT">
            <Offset>
              <AbsDimension x="95" y="-201" />
            </Offset>
          </Anchor>
        </Anchors>
        <Scripts>
          <OnClick>if ModifyEditBox:GetNumLetters() &lt; 1 then
ShowMessage( "Please complete the required fields!", "FF0000", 1 );
else
ModTP(); ModifyEditBox:ClearFocus();
end
</OnClick>
        </Scripts>
        <NormalTexture file="Interface\Buttons\UI-Panel-Button-Up">
          <TexCoords left="0" right="0.625" top="0" bottom="0.6875" />
        </NormalTexture>
        <PushedTexture file="Interface\Buttons\UI-Panel-Button-Down">
          <TexCoords left="0" right="0.625" top="0" bottom="0.6875" />
        </PushedTexture>
        <DisabledTexture file="Interface\Buttons\UI-Panel-Button-Disabled">
          <TexCoords left="0" right="0.625" top="0" bottom="0.6875" />
        </DisabledTexture>
        <HighlightTexture file="Interface\Buttons\UI-Panel-Button-Highlight" alphaMode="ADD">
          <TexCoords left="0" right="0.625" top="0" bottom="0.6875" />
        </HighlightTexture>
        <ButtonText name="$parentText">
          <Anchors>
            <Anchor point="CENTER">
              <Offset>
                <AbsDimension x="0" y="1" />
              </Offset>
            </Anchor>
          </Anchors>
          <FontHeight>
            <AbsValue val="10" />
          </FontHeight>
        </ButtonText>
        <NormalFont style="GameFontNormal" />
        <HighlightFont style="GameFontHighlight" />
        <DisabledFont style="GameFontDisable" />
      </Button>
      <Button name="$parentComponent12" text="Faction">
        <!--<FrameSkin skinid="dcb143e1-a4ab-4e7c-b934-1efa40101d21" frameid="2d508884-59c2-4f83-ae10-27aaad48391b" />-->
        <Size>
          <AbsDimension x="75" y="17" />
        </Size>
        <Anchors>
          <Anchor point="TOPLEFT">
            <Offset>
              <AbsDimension x="95" y="-178" />
            </Offset>
          </Anchor>
        </Anchors>
        <Scripts>
          <OnClick>if ModifyEditBox:GetNumLetters() &lt; 1 then
ShowMessage( "Please complete the required fields!", "FF0000", 1 );
else
ModFaction(); ModifyEditBox:ClearFocus();
end
</OnClick>
        </Scripts>
        <NormalTexture file="Interface\Buttons\UI-Panel-Button-Up">
          <TexCoords left="0" right="0.625" top="0" bottom="0.6875" />
        </NormalTexture>
        <PushedTexture file="Interface\Buttons\UI-Panel-Button-Down">
          <TexCoords left="0" right="0.625" top="0" bottom="0.6875" />
        </PushedTexture>
        <DisabledTexture file="Interface\Buttons\UI-Panel-Button-Disabled">
          <TexCoords left="0" right="0.625" top="0" bottom="0.6875" />
        </DisabledTexture>
        <HighlightTexture file="Interface\Buttons\UI-Panel-Button-Highlight" alphaMode="ADD">
          <TexCoords left="0" right="0.625" top="0" bottom="0.6875" />
        </HighlightTexture>
        <ButtonText name="$parentText">
          <Anchors>
            <Anchor point="CENTER">
              <Offset>
                <AbsDimension x="0" y="1" />
              </Offset>
            </Anchor>
          </Anchors>
          <FontHeight>
            <AbsValue val="10" />
          </FontHeight>
        </ButtonText>
        <NormalFont style="GameFontNormal" />
        <HighlightFont style="GameFontHighlight" />
        <DisabledFont style="GameFontDisable" />
      </Button>
      <Button name="$parentComponent13" text="Demorph">
        <!--<FrameSkin skinid="dcb143e1-a4ab-4e7c-b934-1efa40101d21" frameid="2d508884-59c2-4f83-ae10-27aaad48391b" />-->
        <Size>
          <AbsDimension x="75" y="17" />
        </Size>
        <Anchors>
          <Anchor point="TOPLEFT">
            <Offset>
              <AbsDimension x="17" y="-224" />
            </Offset>
          </Anchor>
        </Anchors>
        <Scripts>
          <OnClick>Demorph(); ModifyEditBox:ClearFocus()
</OnClick>
        </Scripts>
        <NormalTexture file="Interface\Buttons\UI-Panel-Button-Up">
          <TexCoords left="0" right="0.625" top="0" bottom="0.6875" />
        </NormalTexture>
        <PushedTexture file="Interface\Buttons\UI-Panel-Button-Down">
          <TexCoords left="0" right="0.625" top="0" bottom="0.6875" />
        </PushedTexture>
        <DisabledTexture file="Interface\Buttons\UI-Panel-Button-Disabled">
          <TexCoords left="0" right="0.625" top="0" bottom="0.6875" />
        </DisabledTexture>
        <HighlightTexture file="Interface\Buttons\UI-Panel-Button-Highlight" alphaMode="ADD">
          <TexCoords left="0" right="0.625" top="0" bottom="0.6875" />
        </HighlightTexture>
        <ButtonText name="$parentText">
          <Anchors>
            <Anchor point="CENTER">
              <Offset>
                <AbsDimension x="0" y="1" />
              </Offset>
            </Anchor>
          </Anchors>
          <FontHeight>
            <AbsValue val="10" />
          </FontHeight>
        </ButtonText>
        <NormalFont style="GameFontNormal" />
        <HighlightFont style="GameFontHighlight" />
        <DisabledFont style="GameFontDisable" />
      </Button>
      <Button name="$parentComponent3" text="Runic">
        <!--<FrameSkin skinid="dcb143e1-a4ab-4e7c-b934-1efa40101d21" frameid="2d508884-59c2-4f83-ae10-27aaad48391b" />-->
        <Size>
          <AbsDimension x="75" y="17" />
        </Size>
        <Anchors>
          <Anchor point="TOPLEFT">
            <Offset>
              <AbsDimension x="17" y="-86" />
            </Offset>
          </Anchor>
        </Anchors>
        <Scripts>
          <OnClick>if ModifyEditBox:GetNumLetters() &lt; 1 then
ShowMessage( "Please complete the required fields!", "FF0000", 1 );
else
ModRunicPower();
ModifyEditBox:ClearFocus();
end
</OnClick>
        </Scripts>
        <NormalTexture file="Interface\Buttons\UI-Panel-Button-Up">
          <TexCoords left="0" right="0.625" top="0" bottom="0.6875" />
        </NormalTexture>
        <PushedTexture file="Interface\Buttons\UI-Panel-Button-Down">
          <TexCoords left="0" right="0.625" top="0" bottom="0.6875" />
        </PushedTexture>
        <DisabledTexture file="Interface\Buttons\UI-Panel-Button-Disabled">
          <TexCoords left="0" right="0.625" top="0" bottom="0.6875" />
        </DisabledTexture>
        <HighlightTexture file="Interface\Buttons\UI-Panel-Button-Highlight" alphaMode="ADD">
          <TexCoords left="0" right="0.625" top="0" bottom="0.6875" />
        </HighlightTexture>
        <ButtonText name="$parentText">
          <Anchors>
            <Anchor point="CENTER">
              <Offset>
                <AbsDimension x="0" y="1" />
              </Offset>
            </Anchor>
          </Anchors>
          <FontHeight>
            <AbsValue val="10" />
          </FontHeight>
        </ButtonText>
        <NormalFont style="GameFontNormal" />
        <HighlightFont style="GameFontHighlight" />
        <DisabledFont style="GameFontDisable" />
      </Button>
    </Frames>
    <Scripts>
      <OnLoad>GMHelperOnLoad(self)
</OnLoad>
      <OnDragStart>self:StartMoving()
</OnDragStart>
      <OnDragStop>self:StopMovingOrSizing()
</OnDragStop>
    </Scripts>
  </Frame>
</Ui>